{
	"MappingName":"raw_sap_w217_tax_account_map",
    "SourceFileName":"W217_TAXACCOUNT.txt",
    "SourceSystemID":"sap",
    "SourceFileID":"W217_TAXACCOUNT",
    "SourceFilePattern":"W217_TAXACCOUNT*.txt",                    
    "SourceFileType":"csv",
    "SourceExtractType":"full",
    "HasHeaderRecord":"no",
    "RecordDelimiter":",",
    "TargetTableName":"W217_TAX_ACCOUNT",
    "TargetDatabaseName":"raw_sap",
    "TargetLoadType":"overwrite",
    "LoadAllIncrementalFiles":"no",
    "LoadLatestFile":"yes",
    "TextQualifier":"\"",
    "Multiline":"yes",
	"EscapeChar":"",
    "DateFormat":"",
    "TimestampFormat":null,
    "SourceToTargetMapping": [
{"SourceColumnName":"_c0","SourceColumnID":"1","SourceDataType":"int","SourceDataFormat":"","TargetColumnName":"sap_acct","TargetDataType":"string"},
{"SourceColumnName":"_c1","SourceColumnID":"2","SourceDataType":"string","SourceDataFormat":"","TargetColumnName":"qual_fl","TargetDataType":"string"},
{"SourceColumnName":"_c2","SourceColumnID":"3","SourceDataType":"string","SourceDataFormat":"","TargetColumnName":"cat_grp_name","TargetDataType":"string"},
{"SourceColumnName":"_c3","SourceColumnID":"4","SourceDataType":"int","SourceDataFormat":"","TargetColumnName":"pct","TargetDataType":"string"}
    ]
}
