{
	"MappingName":"raw_sap_w179_wbs_expense_map",
    "SourceFileName":"W179_WBSEXPENSE.csv",
    "SourceSystemID":"sap",
    "SourceFileID":"W179_WBSEXPENSE",
    "SourceFilePattern":"W179_WBSEXPENSE*.csv",                    
    "SourceFileType":"csv",
    "SourceExtractType":"full",
    "HasHeaderRecord":"no",
    "RecordDelimiter":",",
    "TargetTableName":"W179_WBS_EXPENSE",
    "TargetDatabaseName":"raw_sap",
    "TargetLoadType":"overwrite",
    "LoadAllIncrementalFiles":"no",
    "LoadLatestFile":"yes",
    "TextQualifier":"\"",
    "Multiline":"yes",
	"EscapeChar":"",
    "DateFormat":"yyyyMMdd",
    "TimestampFormat":null,
   "IgnoreLeadingWhiteSpace":"yes",
    "SourceToTargetMapping": [
        {"SourceColumnName":"_c0","SourceColumnID":"1","SourceDataType":"int","SourceDataFormat":"","TargetColumnName":"ValueType","TargetDataType":"string"},
        {"SourceColumnName":"_c1","SourceColumnID":"2","SourceDataType":"string","SourceDataFormat":"","TargetColumnName":"WBSElemen","TargetDataType":"string"},
        {"SourceColumnName":"_c2","SourceColumnID":"3","SourceDataType":"string","SourceDataFormat":"","TargetColumnName":"WBSLongDescription","TargetDataType":"string"},
        {"SourceColumnName":"_c3","SourceColumnID":"4","SourceDataType":"int","SourceDataFormat":"","TargetColumnName":"profitCenter","TargetDataType":"string"},
        {"SourceColumnName":"_c4","SourceColumnID":"5","SourceDataType":"string","SourceDataFormat":"","TargetColumnName":"PrftCntrDscr","TargetDataType":"string"},
        {"SourceColumnName":"_c5","SourceColumnID":"6","SourceDataType":"int","SourceDataFormat":"","TargetColumnName":"CompanyCode","TargetDataType":"string"},
        {"SourceColumnName":"_c6","SourceColumnID":"7","SourceDataType":"string","SourceDataFormat":"","TargetColumnName":"ControllingArea","TargetDataType":"string"},
        {"SourceColumnName":"_c7","SourceColumnID":"8","SourceDataType":"int","SourceDataFormat":"","TargetColumnName":"CostElement","TargetDataType":"string"},
        {"SourceColumnName":"_c8","SourceColumnID":"9","SourceDataType":"string","SourceDataFormat":"","TargetColumnName":"CostElementDesc","TargetDataType":"string"},
        {"SourceColumnName":"_c9","SourceColumnID":"10","SourceDataType":"double","SourceDataFormat":"","TargetColumnName":"PlannedValueinLocalCurrency","TargetDataType":"decimal(15,2)"},
        {"SourceColumnName":"_c10","SourceColumnID":"11","SourceDataType":"double","SourceDataFormat":"","TargetColumnName":"PlanValueinTranscurrency","TargetDataType":"decimal(15,2)"},
        {"SourceColumnName":"_c11","SourceColumnID":"12","SourceDataType":"double","SourceDataFormat":"","TargetColumnName":"Valueintranscurrency","TargetDataType":"decimal(15,2)"},
        {"SourceColumnName":"_c12","SourceColumnID":"13","SourceDataType":"string","SourceDataFormat":"","TargetColumnName":"TransactionCurrency","TargetDataType":"string"},
        {"SourceColumnName":"_c13","SourceColumnID":"14","SourceDataType":"double","SourceDataFormat":"","TargetColumnName":"PlanValueinObjectcurrency","TargetDataType":"decimal(15,2)"},
        {"SourceColumnName":"_c14","SourceColumnID":"15","SourceDataType":"string","SourceDataFormat":"","TargetColumnName":"Valueinobjectcurrency","TargetDataType":"string"},
        {"SourceColumnName":"_c15","SourceColumnID":"16","SourceDataType":"string","SourceDataFormat":"","TargetColumnName":"ObjectCurrencyKey","TargetDataType":"string"},
        {"SourceColumnName":"_c16","SourceColumnID":"17","SourceDataType":"double","SourceDataFormat":"","TargetColumnName":"PlanValueinCOareaCurrency","TargetDataType":"decimal(15,2)"},
        {"SourceColumnName":"_c17","SourceColumnID":"18","SourceDataType":"double","SourceDataFormat":"","TargetColumnName":"ValueinCOareacurrency","TargetDataType":"decimal(15,2)"},
        {"SourceColumnName":"_c18","SourceColumnID":"19","SourceDataType":"string","SourceDataFormat":"","TargetColumnName":"Controllingareacurrency","TargetDataType":"string"},
        {"SourceColumnName":"_c19","SourceColumnID":"20","SourceDataType":"string","SourceDataFormat":"","TargetColumnName":"Debitcreditindicator","TargetDataType":"string"},
        {"SourceColumnName":"_c20","SourceColumnID":"21","SourceDataType":"double","SourceDataFormat":"","TargetColumnName":"PlannedQty","TargetDataType":"decimal(15,3)"},
        {"SourceColumnName":"_c21","SourceColumnID":"22","SourceDataType":"string","SourceDataFormat":"","TargetColumnName":"PlannedQtyUOM","TargetDataType":"string"},
        {"SourceColumnName":"_c22","SourceColumnID":"23","SourceDataType":"string","SourceDataFormat":"","TargetColumnName":"Segmenttext","TargetDataType":"string"},
        {"SourceColumnName":"_c23","SourceColumnID":"24","SourceDataType":"string","SourceDataFormat":"","TargetColumnName":"Reference","TargetDataType":"string"},
        {"SourceColumnName":"_c24","SourceColumnID":"25","SourceDataType":"string","SourceDataFormat":"","TargetColumnName":"Docheadertext","TargetDataType":"string"},
        {"SourceColumnName":"_c25","SourceColumnID":"26","SourceDataType":"string","SourceDataFormat":"","TargetColumnName":"DocumentNumber","TargetDataType":"string"},
        {"SourceColumnName":"_c26","SourceColumnID":"27","SourceDataType":"int","SourceDataFormat":"","TargetColumnName":"postingRow","TargetDataType":"string"},
        {"SourceColumnName":"_c27","SourceColumnID":"28","SourceDataType":"long","SourceDataFormat":"","TargetColumnName":"FIDocNumber","TargetDataType":"string"},
        {"SourceColumnName":"_c28","SourceColumnID":"29","SourceDataType":"int","SourceDataFormat":"","TargetColumnName":"DocumentItemNumber","TargetDataType":"string"},
        {"SourceColumnName":"_c29","SourceColumnID":"30","SourceDataType":"string","SourceDataFormat":"","TargetColumnName":"DocumentType","TargetDataType":"string"},
        {"SourceColumnName":"_c30","SourceColumnID":"31","SourceDataType":"long","SourceDataFormat":"","TargetColumnName":"ReferenceDocNumber","TargetDataType":"string"},
        {"SourceColumnName":"_c31","SourceColumnID":"32","SourceDataType":"long","SourceDataFormat":"","TargetColumnName":"CrossCompanyCode","TargetDataType":"string"},
        {"SourceColumnName":"_c32","SourceColumnID":"33","SourceDataType":"string","SourceDataFormat":"","TargetColumnName":"RecurringDocNumber","TargetDataType":"string"},
        {"SourceColumnName":"_c33","SourceColumnID":"34","SourceDataType":"int","SourceDataFormat":"","TargetColumnName":"ReverseDocNumber","TargetDataType":"string"},
        {"SourceColumnName":"_c34","SourceColumnID":"35","SourceDataType":"int","SourceDataFormat":"","TargetColumnName":"Documentdate","TargetDataType":"string"},
        {"SourceColumnName":"_c35","SourceColumnID":"36","SourceDataType":"int","SourceDataFormat":"","TargetColumnName":"Postingdate","TargetDataType":"string"},
        {"SourceColumnName":"_c36","SourceColumnID":"37","SourceDataType":"int","SourceDataFormat":"","TargetColumnName":"Datedocumentwascreated","TargetDataType":"string"},
        {"SourceColumnName":"_c37","SourceColumnID":"38","SourceDataType":"int","SourceDataFormat":"","TargetColumnName":"DebitDate","TargetDataType":"string"},
        {"SourceColumnName":"_c38","SourceColumnID":"39","SourceDataType":"string","SourceDataFormat":"","TargetColumnName":"userName","TargetDataType":"string"},
        {"SourceColumnName":"_c39","SourceColumnID":"40","SourceDataType":"int","SourceDataFormat":"","TargetColumnName":"FiscalYear","TargetDataType":"string"},
        {"SourceColumnName":"_c40","SourceColumnID":"41","SourceDataType":"string","SourceDataFormat":"","TargetColumnName":"PartnerObjectNumer","TargetDataType":"string"},
        {"SourceColumnName":"_c41","SourceColumnID":"42","SourceDataType":"int","SourceDataFormat":"","TargetColumnName":"PartnerCostCenter","TargetDataType":"string"},
        {"SourceColumnName":"_c42","SourceColumnID":"43","SourceDataType":"long","SourceDataFormat":"","TargetColumnName":"PartnerInternalOrder","TargetDataType":"string"},
        {"SourceColumnName":"_c43","SourceColumnID":"44","SourceDataType":"int","SourceDataFormat":"","TargetColumnName":"PartnerPC","TargetDataType":"string"},
        {"SourceColumnName":"_c44","SourceColumnID":"45","SourceDataType":"string","SourceDataFormat":"","TargetColumnName":"PartnerPCDescription","TargetDataType":"string"},
        {"SourceColumnName":"_c45","SourceColumnID":"46","SourceDataType":"string","SourceDataFormat":"","TargetColumnName":"StatisticalWBS","TargetDataType":"string"},
        {"SourceColumnName":"_c46","SourceColumnID":"47","SourceDataType":"string","SourceDataFormat":"","TargetColumnName":"OffsettingAccountNumber","TargetDataType":"string"},
        {"SourceColumnName":"_c47","SourceColumnID":"48","SourceDataType":"string","SourceDataFormat":"","TargetColumnName":"VendorName","TargetDataType":"string"},
        {"SourceColumnName":"_c48","SourceColumnID":"49","SourceDataType":"string","SourceDataFormat":"","TargetColumnName":"VendorTaxCode","TargetDataType":"string"},
        {"SourceColumnName":"_c49","SourceColumnID":"50","SourceDataType":"string","SourceDataFormat":"","TargetColumnName":"Region","TargetDataType":"string"},
        {"SourceColumnName":"_c50","SourceColumnID":"51","SourceDataType":"string","SourceDataFormat":"","TargetColumnName":"country","TargetDataType":"string"},
        {"SourceColumnName":"_c51","SourceColumnID":"52","SourceDataType":"long","SourceDataFormat":"","TargetColumnName":"PurDocNumber","TargetDataType":"string"},
        {"SourceColumnName":"_c52","SourceColumnID":"53","SourceDataType":"int","SourceDataFormat":"","TargetColumnName":"ItemNoofPurDoc","TargetDataType":"string"},
        {"SourceColumnName":"_c53","SourceColumnID":"54","SourceDataType":"string","SourceDataFormat":"","TargetColumnName":"PurReqNumber","TargetDataType":"string"},
        {"SourceColumnName":"_c54","SourceColumnID":"55","SourceDataType":"int","SourceDataFormat":"","TargetColumnName":"ItemNoofPurReq","TargetDataType":"string"},
        {"SourceColumnName":"_c55","SourceColumnID":"56","SourceDataType":"string","SourceDataFormat":"","TargetColumnName":"Materialnumber","TargetDataType":"string"},
        {"SourceColumnName":"_c56","SourceColumnID":"57","SourceDataType":"int","SourceDataFormat":"","TargetColumnName":"Plant","TargetDataType":"string"},
        {"SourceColumnName":"_c57","SourceColumnID":"58","SourceDataType":"string","SourceDataFormat":"","TargetColumnName":"Ordertype","TargetDataType":"string"},
        {"SourceColumnName":"_c58","SourceColumnID":"59","SourceDataType":"string","SourceDataFormat":"","TargetColumnName":"OrderTypedesc","TargetDataType":"string"},
        {"SourceColumnName":"_c59","SourceColumnID":"60","SourceDataType":"int","SourceDataFormat":"","TargetColumnName":"ReponsCostCenter","TargetDataType":"string"},
        {"SourceColumnName":"_c60","SourceColumnID":"61","SourceDataType":"int","SourceDataFormat":"","TargetColumnName":"RequestCostCenter","TargetDataType":"string"},
        {"SourceColumnName":"_c61","SourceColumnID":"62","SourceDataType":"int","SourceDataFormat":"","TargetColumnName":"Status","TargetDataType":"string"},
        {"SourceColumnName":"_c62","SourceColumnID":"63","SourceDataType":"string","SourceDataFormat":"","TargetColumnName":"AssignmentNumber","TargetDataType":"string"},
        {"SourceColumnName":"_c63","SourceColumnID":"64","SourceDataType":"int","SourceDataFormat":"","TargetColumnName":"Period","TargetDataType":"string"},
        {"SourceColumnName":"_c64","SourceColumnID":"65","SourceDataType":"string","SourceDataFormat":"","TargetColumnName":"POtext","TargetDataType":"string"},
        {"SourceColumnName":"_c65","SourceColumnID":"66","SourceDataType":"double","SourceDataFormat":"","TargetColumnName":"GRQty","TargetDataType":"string"},
        {"SourceColumnName":"_c66","SourceColumnID":"67","SourceDataType":"string","SourceDataFormat":"","TargetColumnName":"Division","TargetDataType":"string"}
        

    ]
}
