{
	"MappingName":"raw_sap_w4206_vendor_down_payment_map",
    "SourceFileName":"W4206_VENDORDOWNPAYMENT.txt",
    "SourceSystemID":"sap",
    "SourceFileID":"W4206_VENDORDOWNPAYMENT",
    "SourceFilePattern":"W4206_VENDORDOWNPAYMENT*.txt",                    
    "SourceFileType":"csv",
    "SourceExtractType":"full",
    "HasHeaderRecord":"yes",
    "RecordDelimiter":"\t",
    "TargetTableName":"W4206_VENDOR_DOWN_PAYMENT",
    "TargetDatabaseName":"raw_sap",
    "TargetLoadType":"overwrite",
    "LoadAllIncrementalFiles":"no",
    "LoadLatestFile":"yes",
    "TextQualifier":"\"",
    "Multiline":"yes",
	"EscapeChar":"",
    "DateFormat":"MM/dd/yyyy",
    "TimestampFormat":null,
    "SourceToTargetMapping": [
{"SourceColumnName":"SAP_COMPANY_CODE","SourceColumnID":"1","SourceDataType":"integer","SourceDataFormat":"","TargetColumnName":"SAP_COMPANY_CODE","TargetDataType":"string"},
{"SourceColumnName":"COUNTRY_KEY","SourceColumnID":"2","SourceDataType":"string","SourceDataFormat":"","TargetColumnName":"COUNTRY_KEY","TargetDataType":"string"},
{"SourceColumnName":"VENDOR_NUM","SourceColumnID":"3","SourceDataType":"integer","SourceDataFormat":"","TargetColumnName":"VENDOR_NUM","TargetDataType":"string"},
{"SourceColumnName":"VENDOR_NAME","SourceColumnID":"4","SourceDataType":"string","SourceDataFormat":"","TargetColumnName":"VENDOR_NAME","TargetDataType":"string"},
{"SourceColumnName":"VENDOR_COUNTRY","SourceColumnID":"5","SourceDataType":"string","SourceDataFormat":"","TargetColumnName":"VENDOR_COUNTRY","TargetDataType":"string"},
{"SourceColumnName":"PO_NO","SourceColumnID":"6","SourceDataType":"long","SourceDataFormat":"","TargetColumnName":"PO_NO","TargetDataType":"string"},
{"SourceColumnName":"POST_DATE","SourceColumnID":"7","SourceDataType":"string","SourceDataFormat":"MM/dd/yyyy","TargetColumnName":"POST_DATE","TargetDataType":"date"},
{"SourceColumnName":"SAP_DOC_NO","SourceColumnID":"8","SourceDataType":"integer","SourceDataFormat":"","TargetColumnName":"SAP_DOC_NO","TargetDataType":"string"},
{"SourceColumnName":"DOC_LINE_NO","SourceColumnID":"9","SourceDataType":"integer","SourceDataFormat":"","TargetColumnName":"DOC_LINE_NO","TargetDataType":"string"},
{"SourceColumnName":"SAP_DOC_TYPE","SourceColumnID":"10","SourceDataType":"string","SourceDataFormat":"","TargetColumnName":"SAP_DOC_TYPE","TargetDataType":"string"},
{"SourceColumnName":"INS_DATE","SourceColumnID":"11","SourceDataType":"string","SourceDataFormat":"MM/dd/yyyy","TargetColumnName":"INS_DATE","TargetDataType":"date"},
{"SourceColumnName":"DB_CR_IND","SourceColumnID":"12","SourceDataType":"string","SourceDataFormat":"","TargetColumnName":"DB_CR_IND","TargetDataType":"string"},
{"SourceColumnName":"YEAR","SourceColumnID":"13","SourceDataType":"integer","SourceDataFormat":"","TargetColumnName":"YEAR","TargetDataType":"string"},
{"SourceColumnName":"CLEARING_DOC_NUMBER","SourceColumnID":"14","SourceDataType":"integer","SourceDataFormat":"","TargetColumnName":"CLEARING_DOC_NUMBER","TargetDataType":"string"},
{"SourceColumnName":"DOC_AMOUNT","SourceColumnID":"15","SourceDataType":"string","SourceDataFormat":"","TargetColumnName":"DOC_AMOUNT","TargetDataType":"decimal(15,2)"},
{"SourceColumnName":"DOC_CURRENCY","SourceColumnID":"16","SourceDataType":"string","SourceDataFormat":"","TargetColumnName":"DOC_CURRENCY","TargetDataType":"string"},
{"SourceColumnName":"GROUP_AMOUNT","SourceColumnID":"17","SourceDataType":"string","SourceDataFormat":"","TargetColumnName":"GROUP_AMOUNT","TargetDataType":"decimal(15,2)"},
{"SourceColumnName":"GROUP_CURRENCY","SourceColumnID":"18","SourceDataType":"string","SourceDataFormat":"","TargetColumnName":"GROUP_CURRENCY","TargetDataType":"string"},
{"SourceColumnName":"CLEARING_DATE","SourceColumnID":"19","SourceDataType":"string","SourceDataFormat":"MM/dd/yyyy","TargetColumnName":"CLEARING_DATE","TargetDataType":"date"},
{"SourceColumnName":"USER_511","SourceColumnID":"20","SourceDataType":"string","SourceDataFormat":"","TargetColumnName":"USER_511","TargetDataType":"string"},
{"SourceColumnName":"DOC_HEADER_TEXT","SourceColumnID":"21","SourceDataType":"string","SourceDataFormat":"","TargetColumnName":"DOC_HEADER_TEXT","TargetDataType":"string"},
{"SourceColumnName":"REFERENCE_KEY1","SourceColumnID":"22","SourceDataType":"string","SourceDataFormat":"","TargetColumnName":"REFERENCE_KEY1","TargetDataType":"string"},
{"SourceColumnName":"REFERENCE_KEY2","SourceColumnID":"23","SourceDataType":"string","SourceDataFormat":"","TargetColumnName":"REFERENCE_KEY2","TargetDataType":"string"},
{"SourceColumnName":"PAYMENT_TERM","SourceColumnID":"24","SourceDataType":"integer","SourceDataFormat":"","TargetColumnName":"PAYMENT_TERM","TargetDataType":"string"}

    ]
}
