{
	"MappingName":"raw_sap_w27_vendor_payment_map",
    "SourceFileName":"W27_VENDORPAYMENT.txt",
    "SourceSystemID":"sap",
    "SourceFileID":"W27_VENDORPAYMENT",
    "SourceFilePattern":"W27_VENDORPAYMENT*.txt",                    
    "SourceFileType":"csv",
    "SourceExtractType":"full",
    "HasHeaderRecord":"no",
    "RecordDelimiter":",",
    "TargetTableName":"W27_VENDOR_PAYMENT",
    "TargetDatabaseName":"raw_sap",
    "TargetLoadType":"overwrite",
    "LoadAllIncrementalFiles":"no",
    "LoadLatestFile":"yes",
    "TextQualifier":"\"",
    "Multiline":"yes",
	"EscapeChar":"\"",
    "DateFormat":"yyyyMMdd",
    "TimestampFormat":null,
    "IgnoreLeadingWhiteSpace":"yes",	
    "SourceToTargetMapping": [
        {"SourceColumnName":"_c0","SourceColumnID":"1","SourceDataType":"int","SourceDataFormat":"","TargetColumnName":"CompanyCode","TargetDataType":"string"},
        {"SourceColumnName":"_c1","SourceColumnID":"2","SourceDataType":"int","SourceDataFormat":"","TargetColumnName":"ProfitCenter","TargetDataType":"string"},
        {"SourceColumnName":"_c2","SourceColumnID":"3","SourceDataType":"int","SourceDataFormat":"","TargetColumnName":"CostCenter","TargetDataType":"string"},
        {"SourceColumnName":"_c3","SourceColumnID":"4","SourceDataType":"long","SourceDataFormat":"","TargetColumnName":"InternalOrder","TargetDataType":"string"},
        {"SourceColumnName":"_c4","SourceColumnID":"5","SourceDataType":"int","SourceDataFormat":"","TargetColumnName":"WBSElement","TargetDataType":"string"},
        {"SourceColumnName":"_c5","SourceColumnID":"6","SourceDataType":"int","SourceDataFormat":"","TargetColumnName":"GLAccount","TargetDataType":"string"},
        {"SourceColumnName":"_c6","SourceColumnID":"7","SourceDataType":"string","SourceDataFormat":"","TargetColumnName":"VendorNumber","TargetDataType":"string"},
        {"SourceColumnName":"_c7","SourceColumnID":"8","SourceDataType":"string","SourceDataFormat":"","TargetColumnName":"VendorTaxCode","TargetDataType":"string"},
        {"SourceColumnName":"_c8","SourceColumnID":"9","SourceDataType":"string","SourceDataFormat":"","TargetColumnName":"VendorName","TargetDataType":"string"},
        {"SourceColumnName":"_c9","SourceColumnID":"10","SourceDataType":"string","SourceDataFormat":"","TargetColumnName":"InvoiceNumber","TargetDataType":"string"},
        {"SourceColumnName":"_c10","SourceColumnID":"11","SourceDataType":"int","SourceDataFormat":"","TargetColumnName":"InvoiceLineNumber","TargetDataType":"string"},
        {"SourceColumnName":"_c11","SourceColumnID":"12","SourceDataType":"int","SourceDataFormat":"yyyyMMdd","TargetColumnName":"InvoiceDate","TargetDataType":"date"},
        {"SourceColumnName":"_c12","SourceColumnID":"13","SourceDataType":"int","SourceDataFormat":"yyyyMMdd","TargetColumnName":"DueDate","TargetDataType":"date"},
        {"SourceColumnName":"_c13","SourceColumnID":"14","SourceDataType":"long","SourceDataFormat":"","TargetColumnName":"PurchaseOrder","TargetDataType":"string"},
        {"SourceColumnName":"_c14","SourceColumnID":"15","SourceDataType":"int","SourceDataFormat":"","TargetColumnName":"POLineItem","TargetDataType":"string"},
        {"SourceColumnName":"_c15","SourceColumnID":"16","SourceDataType":"double","SourceDataFormat":"","TargetColumnName":"AmountLocalCurrency","TargetDataType":"decimal(15,2)"},
        {"SourceColumnName":"_c16","SourceColumnID":"17","SourceDataType":"string","SourceDataFormat":"","TargetColumnName":"LocCurr","TargetDataType":"string"},
        {"SourceColumnName":"_c17","SourceColumnID":"18","SourceDataType":"double","SourceDataFormat":"","TargetColumnName":"AmountDocCurrency","TargetDataType":"decimal(15,2)"},
        {"SourceColumnName":"_c18","SourceColumnID":"19","SourceDataType":"string","SourceDataFormat":"","TargetColumnName":"Currency","TargetDataType":"string"},
        {"SourceColumnName":"_c19","SourceColumnID":"20","SourceDataType":"int","SourceDataFormat":"yyyyMMdd","TargetColumnName":"PostingDate","TargetDataType":"date"},
        {"SourceColumnName":"_c20","SourceColumnID":"21","SourceDataType":"long","SourceDataFormat":"","TargetColumnName":"AccountingDoc","TargetDataType":"string"},
        {"SourceColumnName":"_c21","SourceColumnID":"22","SourceDataType":"string","SourceDataFormat":"","TargetColumnName":"DocType","TargetDataType":"string"},
        {"SourceColumnName":"_c22","SourceColumnID":"23","SourceDataType":"string","SourceDataFormat":"","TargetColumnName":"LineItemText","TargetDataType":"string"},
        {"SourceColumnName":"_c23","SourceColumnID":"24","SourceDataType":"string","SourceDataFormat":"","TargetColumnName":"DebitCredit","TargetDataType":"string"},
        {"SourceColumnName":"_c24","SourceColumnID":"25","SourceDataType":"string","SourceDataFormat":"","TargetColumnName":"Status","TargetDataType":"string"},
        {"SourceColumnName":"_c25","SourceColumnID":"26","SourceDataType":"long","SourceDataFormat":"","TargetColumnName":"Assignment","TargetDataType":"string"},
        {"SourceColumnName":"_c26","SourceColumnID":"27","SourceDataType":"int","SourceDataFormat":"","TargetColumnName":"Material","TargetDataType":"string"},
        {"SourceColumnName":"_c27","SourceColumnID":"28","SourceDataType":"int","SourceDataFormat":"","TargetColumnName":"Plant","TargetDataType":"string"},
        {"SourceColumnName":"_c28","SourceColumnID":"29","SourceDataType":"int","SourceDataFormat":"yyyyMMdd","TargetColumnName":"DocCreatedOn","TargetDataType":"date"},
        {"SourceColumnName":"_c29","SourceColumnID":"30","SourceDataType":"string","SourceDataFormat":"","TargetColumnName":"DocCreatedBy","TargetDataType":"string"},
        {"SourceColumnName":"_c30","SourceColumnID":"31","SourceDataType":"string","SourceDataFormat":"","TargetColumnName":"HeaderText","TargetDataType":"string"},
        {"SourceColumnName":"_c31","SourceColumnID":"32","SourceDataType":"string","SourceDataFormat":"","TargetColumnName":"CheckNo","TargetDataType":"string"},
        {"SourceColumnName":"_c32","SourceColumnID":"33","SourceDataType":"string","SourceDataFormat":"","TargetColumnName":"PaymentMethod","TargetDataType":"string"},
        {"SourceColumnName":"_c33","SourceColumnID":"34","SourceDataType":"int","SourceDataFormat":"","TargetColumnName":"ClearingDocNumber","TargetDataType":"string"},
        {"SourceColumnName":"_c34","SourceColumnID":"35","SourceDataType":"int","SourceDataFormat":"","TargetColumnName":"ClearingDate","TargetDataType":"string"},
        {"SourceColumnName":"_c35","SourceColumnID":"36","SourceDataType":"double","SourceDataFormat":"","TargetColumnName":"AmountPaid","TargetDataType":"decimal(15,2)"},
        {"SourceColumnName":"_c36","SourceColumnID":"37","SourceDataType":"int","SourceDataFormat":"","TargetColumnName":"FiscalPeriod","TargetDataType":"string"},
        {"SourceColumnName":"_c37","SourceColumnID":"38","SourceDataType":"int","SourceDataFormat":"","TargetColumnName":"FiscalYear","TargetDataType":"string"},
        {"SourceColumnName":"_c38","SourceColumnID":"39","SourceDataType":"string","SourceDataFormat":"","TargetColumnName":"PaymentTerms","TargetDataType":"string"},
        {"SourceColumnName":"_c39","SourceColumnID":"40","SourceDataType":"string","SourceDataFormat":"","TargetColumnName":"CategoryID","TargetDataType":"string"},
        {"SourceColumnName":"_c40","SourceColumnID":"41","SourceDataType":"string","SourceDataFormat":"","TargetColumnName":"CategoryText","TargetDataType":"string"},
        {"SourceColumnName":"_c41","SourceColumnID":"42","SourceDataType":"string","SourceDataFormat":"","TargetColumnName":"SourceID","TargetDataType":"string"},
        {"SourceColumnName":"_c42","SourceColumnID":"43","SourceDataType":"string","SourceDataFormat":"","TargetColumnName":"TargetID","TargetDataType":"string"},
        {"SourceColumnName":"_c43","SourceColumnID":"44","SourceDataType":"string","SourceDataFormat":"","TargetColumnName":"ProfitCenterDescription","TargetDataType":"string"},
        {"SourceColumnName":"_c44","SourceColumnID":"45","SourceDataType":"string","SourceDataFormat":"","TargetColumnName":"CostCenterDescription","TargetDataType":"string"},
        {"SourceColumnName":"_c45","SourceColumnID":"46","SourceDataType":"string","SourceDataFormat":"","TargetColumnName":"InternalOrderDescription","TargetDataType":"string"},
        {"SourceColumnName":"_c46","SourceColumnID":"47","SourceDataType":"string","SourceDataFormat":"","TargetColumnName":"WBSelementDescription","TargetDataType":"string"},
        {"SourceColumnName":"_c47","SourceColumnID":"48","SourceDataType":"string","SourceDataFormat":"","TargetColumnName":"G_LAccountDescription","TargetDataType":"string"},
        {"SourceColumnName":"_c48","SourceColumnID":"49","SourceDataType":"string","SourceDataFormat":"","TargetColumnName":"VendorType","TargetDataType":"string"},
        {"SourceColumnName":"_c49","SourceColumnID":"50","SourceDataType":"string","SourceDataFormat":"","TargetColumnName":"VendorIndustry","TargetDataType":"string"},
        {"SourceColumnName":"_c50","SourceColumnID":"51","SourceDataType":"int","SourceDataFormat":"","TargetColumnName":"PayeeName","TargetDataType":"string"},
        {"SourceColumnName":"_c51","SourceColumnID":"52","SourceDataType":"int","SourceDataFormat":"","TargetColumnName":"PurchasingOrganization","TargetDataType":"string"},
        {"SourceColumnName":"_c52","SourceColumnID":"53","SourceDataType":"int","SourceDataFormat":"","TargetColumnName":"AddressChangeIndicator","TargetDataType":"string"},
        {"SourceColumnName":"_c53","SourceColumnID":"54","SourceDataType":"string","SourceDataFormat":"","TargetColumnName":"PODescription","TargetDataType":"string"},
        {"SourceColumnName":"_c54","SourceColumnID":"55","SourceDataType":"string","SourceDataFormat":"","TargetColumnName":"MaterialGroup","TargetDataType":"string"},
        {"SourceColumnName":"_c55","SourceColumnID":"56","SourceDataType":"int","SourceDataFormat":"","TargetColumnName":"POPostingDate","TargetDataType":"string"},
        {"SourceColumnName":"_c56","SourceColumnID":"57","SourceDataType":"int","SourceDataFormat":"","TargetColumnName":"POItemStatus_ReleaseStatus","TargetDataType":"string"},
        {"SourceColumnName":"_c57","SourceColumnID":"58","SourceDataType":"string","SourceDataFormat":"","TargetColumnName":"MaterialNumberDescription","TargetDataType":"string"},
        {"SourceColumnName":"_c58","SourceColumnID":"59","SourceDataType":"string","SourceDataFormat":"","TargetColumnName":"Material_Group_Description","TargetDataType":"string"},
        {"SourceColumnName":"_c59","SourceColumnID":"60","SourceDataType":"double","SourceDataFormat":"","TargetColumnName":"POTotalAmount","TargetDataType":"decimal(15,2)"},
        {"SourceColumnName":"_c60","SourceColumnID":"61","SourceDataType":"int","SourceDataFormat":"","TargetColumnName":"GroupAccountNumber","TargetDataType":"string"},
        {"SourceColumnName":"_c61","SourceColumnID":"62","SourceDataType":"string","SourceDataFormat":"","TargetColumnName":"GroupAccountNumberDescription","TargetDataType":"string"},
        {"SourceColumnName":"_c62","SourceColumnID":"63","SourceDataType":"string","SourceDataFormat":"","TargetColumnName":"InternationalVendorName","TargetDataType":"string"},
        {"SourceColumnName":"_c63","SourceColumnID":"64","SourceDataType":"long","SourceDataFormat":"","TargetColumnName":"ReferenceKey","TargetDataType":"string"}
        
    ]
}
