{
	"MappingName":"raw_sap_w53_funcl_expense_map",
    "SourceFileName":"W53_FUNCLEXPENSE.txt",
    "SourceSystemID":"sap",
    "SourceFileID":"W53_FUNCLEXPENSE",
    "SourceFilePattern":"W53_FUNCLEXPENSE*.txt",                    
    "SourceFileType":"csv",
    "SourceExtractType":"full",
    "HasHeaderRecord":"no",
    "RecordDelimiter":",",
    "TargetTableName":"W53_FUNCL_EXPENSE",
    "TargetDatabaseName":"raw_sap",
    "TargetLoadType":"overwrite",
    "LoadAllIncrementalFiles":"no",
    "LoadLatestFile":"yes",
    "TextQualifier":"\"",
    "Multiline":"yes",
	"EscapeChar":"",
    "DateFormat":"",
    "TimestampFormat":null,
    "SourceToTargetMapping": [
{"SourceColumnName":"_c0","SourceColumnID":"1","SourceDataType":"string","SourceDataFormat":"","TargetColumnName":"VALUE_TYPE","TargetDataType":"string"},
{"SourceColumnName":"_c1","SourceColumnID":"2","SourceDataType":"integer","SourceDataFormat":"","TargetColumnName":"GL_ACCOUNT","TargetDataType":"string"},
{"SourceColumnName":"_c2","SourceColumnID":"3","SourceDataType":"integer","SourceDataFormat":"","TargetColumnName":"PROFIT_CENTER","TargetDataType":"string"},
{"SourceColumnName":"_c3","SourceColumnID":"4","SourceDataType":"string","SourceDataFormat":"","TargetColumnName":"PARTNER_PROFIT_CENTER","TargetDataType":"string"},
{"SourceColumnName":"_c4","SourceColumnID":"5","SourceDataType":"string","SourceDataFormat":"","TargetColumnName":"COST_CENTER","TargetDataType":"string"},
{"SourceColumnName":"_c5","SourceColumnID":"6","SourceDataType":"string","SourceDataFormat":"","TargetColumnName":"CUR_CODE","TargetDataType":"string"},
{"SourceColumnName":"_c6","SourceColumnID":"7","SourceDataType":"double","SourceDataFormat":"","TargetColumnName":"MTD_TOTAL_VALUE","TargetDataType":"decimal(15,2)"},
{"SourceColumnName":"_c7","SourceColumnID":"8","SourceDataType":"string","SourceDataFormat":"","TargetColumnName":"MTD_INDICATOR","TargetDataType":"string"},
{"SourceColumnName":"_c8","SourceColumnID":"9","SourceDataType":"double","SourceDataFormat":"","TargetColumnName":"YTD_TOTAL_VALUE","TargetDataType":"decimal(15,2)"},
{"SourceColumnName":"_c9","SourceColumnID":"10","SourceDataType":"string","SourceDataFormat":"","TargetColumnName":"YTD_INDICATOR","TargetDataType":"string"},
{"SourceColumnName":"_c10","SourceColumnID":"11","SourceDataType":"integer","SourceDataFormat":"","TargetColumnName":"COMPANY_CODE","TargetDataType":"string"},
{"SourceColumnName":"_c11","SourceColumnID":"12","SourceDataType":"integer","SourceDataFormat":"","TargetColumnName":"MONTH","TargetDataType":"string"},
{"SourceColumnName":"_c12","SourceColumnID":"13","SourceDataType":"integer","SourceDataFormat":"","TargetColumnName":"YEAR","TargetDataType":"string"}

    ]
}
