{
	"TableName":"elt_src_entity_part_load_hist",
	"IsExternal":"no",
	"DatabaseName":"raw_sap",
	"Description":"ELT source entity partition load history",
	"Columns":[
		{"ColumnID":1,"ColumnName":"src_part_load_run_id","DataType":"string","Length":0,"Precision":0,"Scale":0,"IsNull":true,"FormattedDataType":"string"},
        {"ColumnID":2,"ColumnName":"src_sys_key","DataType":"string","Length":0,"Precision":0,"Scale":0,"IsNull":true,"FormattedDataType":"string"},
        {"ColumnID":3,"ColumnName":"src_entity_key","DataType":"string","Length":0,"Precision":0,"Scale":0,"IsNull":true,"FormattedDataType":"string"},
        {"ColumnID":4,"ColumnName":"src_part_key","DataType":"string","Length":0,"Precision":0,"Scale":0,"IsNull":true,"FormattedDataType":"string"},
        {"ColumnID":5,"ColumnName":"src_part_description","DataType":"string","Length":0,"Precision":0,"Scale":0,"IsNull":true,"FormattedDataType":"string"},
        {"ColumnID":6,"ColumnName":"src_part_data_query","DataType":"string","Length":0,"Precision":0,"Scale":0,"IsNull":true,"FormattedDataType":"string"},
        {"ColumnID":7,"ColumnName":"src_part_data_query_type","DataType":"string","Length":0,"Precision":0,"Scale":0,"IsNull":true,"FormattedDataType":"string"},
        {"ColumnID":8,"ColumnName":"tgt_load_order","DataType":"bigint","Length":0,"Precision":0,"Scale":0,"IsNull":true,"FormattedDataType":"bigint"},
        {"ColumnID":9,"ColumnName":"tgt_load_cond_query","DataType":"string","Length":0,"Precision":0,"Scale":0,"IsNull":true,"FormattedDataType":"string"},
        {"ColumnID":10,"ColumnName":"tgt_load_pre_query","DataType":"string","Length":0,"Precision":0,"Scale":0,"IsNull":true,"FormattedDataType":"string"},
        {"ColumnID":11,"ColumnName":"tgt_load_post_query","DataType":"string","Length":0,"Precision":0,"Scale":0,"IsNull":true,"FormattedDataType":"string"},
        {"ColumnID":12,"ColumnName":"part_load_status","DataType":"string","Length":0,"Precision":0,"Scale":0,"IsNull":true,"FormattedDataType":"string"}
	]
}

