{
	"TableName":"elt_src_entity_load_def",
	"IsExternal":"no",
	"DatabaseName":"raw_sap",
	"Description":"ELT source entity load definition",
	"Columns":[
		{"ColumnID":1,"ColumnName":"src_sys_key","DataType":"string","Length":0,"Precision":0,"Scale":0,"IsNull":true,"FormattedDataType":"string"},
		{"ColumnID":2,"ColumnName":"src_entity_key","DataType":"string","Length":0,"Precision":0,"Scale":0,"IsNull":true,"FormattedDataType":"string"},
		{"ColumnID":3,"ColumnName":"src_entity_id","DataType":"bigint","Length":0,"Precision":0,"Scale":0,"IsNull":true,"FormattedDataType":"bigint"},
		{"ColumnID":4,"ColumnName":"src_entity_status","DataType":"string","Length":0,"Precision":0,"Scale":0,"IsNull":true,"FormattedDataType":"string"},
		{"ColumnID":5,"ColumnName":"src_entity_path","DataType":"string","Length":0,"Precision":0,"Scale":0,"IsNull":true,"FormattedDataType":"string"},
        {"ColumnID":6,"ColumnName":"src_entity_path_type","DataType":"string","Length":0,"Precision":0,"Scale":0,"IsNull":true,"FormattedDataType":"string"},
        {"ColumnID":7,"ColumnName":"src_entity_pattern","DataType":"string","Length":0,"Precision":0,"Scale":0,"IsNull":true,"FormattedDataType":"string"},
        {"ColumnID":8,"ColumnName":"src_entity_extract_type","DataType":"string","Length":0,"Precision":0,"Scale":0,"IsNull":true,"FormattedDataType":"string"},
        {"ColumnID":9,"ColumnName":"src_entity_notes","DataType":"string","Length":0,"Precision":0,"Scale":0,"IsNull":true,"FormattedDataType":"string"},
        {"ColumnID":10,"ColumnName":"src_load_frequency","DataType":"string","Length":0,"Precision":0,"Scale":0,"IsNull":true,"FormattedDataType":"string"},
        {"ColumnID":11,"ColumnName":"src_load_last_bookmark","DataType":"string","Length":0,"Precision":0,"Scale":0,"IsNull":true,"FormattedDataType":"string"},
        {"ColumnID":12,"ColumnName":"src_load_last_inst_no","DataType":"bigint","Length":0,"Precision":0,"Scale":0,"IsNull":true,"FormattedDataType":"bigint"},
        {"ColumnID":13,"ColumnName":"src_load_last_run_id","DataType":"string","Length":0,"Precision":0,"Scale":0,"IsNull":true,"FormattedDataType":"string"},
        {"ColumnID":14,"ColumnName":"src_load_last_run_start_time","DataType":"timestamp","Length":0,"Precision":0,"Scale":0,"IsNull":true,"FormattedDataType":"timestamp"},
        {"ColumnID":15,"ColumnName":"src_load_last_run_end_time","DataType":"timestamp","Length":0,"Precision":0,"Scale":0,"IsNull":true,"FormattedDataType":"timestamp"},
        {"ColumnID":16,"ColumnName":"src_load_last_run_mesg","DataType":"string","Length":0,"Precision":0,"Scale":0,"IsNull":true,"FormattedDataType":"string"},
        {"ColumnID":17,"ColumnName":"src_load_last_run_ins_count","DataType":"bigint","Length":0,"Precision":0,"Scale":0,"IsNull":true,"FormattedDataType":"bigint"},
        {"ColumnID":18,"ColumnName":"src_load_last_run_upd_count","DataType":"bigint","Length":0,"Precision":0,"Scale":0,"IsNull":true,"FormattedDataType":"bigint"},
        {"ColumnID":19,"ColumnName":"src_load_last_run_del_count","DataType":"bigint","Length":0,"Precision":0,"Scale":0,"IsNull":true,"FormattedDataType":"bigint"}
	]
}
