{
	"TableName":"elt_run_messages",
	"IsExternal":"no",
	"DatabaseName":"raw_sap",
	"Description":"ELT run messages",
	"Columns":[
		{"ColumnID":1,"ColumnName":"run_id","DataType":"string","Length":0,"Precision":0,"Scale":0,"IsNull":true,"FormattedDataType":"string"},
		{"ColumnID":2,"ColumnName":"item_type","DataType":"bigint","Length":0,"Precision":0,"Scale":0,"IsNull":true,"FormattedDataType":"bigint"},
		{"ColumnID":3,"ColumnName":"message_type","DataType":"string","Length":0,"Precision":0,"Scale":0,"IsNull":true,"FormattedDataType":"string"},
		{"ColumnID":4,"ColumnName":"message_time","DataType":"timestamp","Length":0,"Precision":0,"Scale":0,"IsNull":true,"FormattedDataType":"timestamp"},
		{"ColumnID":5,"ColumnName":"message_text","DataType":"string","Length":0,"Precision":0,"Scale":0,"IsNull":true,"FormattedDataType":"string"}
	]
}
