{
	"TableName":"elt_src_entity_load_hist_arch",
	"IsExternal":"no",
	"DatabaseName":"raw_sap",
	"Description":"ELT source entity load history archive",
	"Columns":[
		{"ColumnID":1,"ColumnName":"src_entity_inst_key","DataType":"string","Length":0,"Precision":0,"Scale":0,"IsNull":true,"FormattedDataType":"string"},
		{"ColumnID":2,"ColumnName":"src_sys_key","DataType":"string","Length":0,"Precision":0,"Scale":0,"IsNull":true,"FormattedDataType":"string"},
		{"ColumnID":3,"ColumnName":"src_entity_key","DataType":"string","Length":0,"Precision":0,"Scale":0,"IsNull":true,"FormattedDataType":"string"},
		{"ColumnID":4,"ColumnName":"src_entity_inst_no","DataType":"bigint","Length":0,"Precision":0,"Scale":0,"IsNull":true,"FormattedDataType":"bigint"},
		{"ColumnID":5,"ColumnName":"src_entity_path","DataType":"string","Length":0,"Precision":0,"Scale":0,"IsNull":true,"FormattedDataType":"string"},
        {"ColumnID":6,"ColumnName":"src_entity_name","DataType":"string","Length":0,"Precision":0,"Scale":0,"IsNull":true,"FormattedDataType":"string"},
        {"ColumnID":7,"ColumnName":"src_entity_timestamp","DataType":"timestamp","Length":0,"Precision":0,"Scale":0,"IsNull":true,"FormattedDataType":"timestamp"},
        {"ColumnID":8,"ColumnName":"src_entity_size","DataType":"bigint","Length":0,"Precision":0,"Scale":0,"IsNull":true,"FormattedDataType":"bigint"},
        {"ColumnID":9,"ColumnName":"src_entity_staged_time","DataType":"timestamp","Length":0,"Precision":0,"Scale":0,"IsNull":true,"FormattedDataType":"timestamp"},
        {"ColumnID":10,"ColumnName":"src_entity_load_status","DataType":"string","Length":0,"Precision":0,"Scale":0,"IsNull":true,"FormattedDataType":"string"},
        {"ColumnID":11,"ColumnName":"src_entity_load_mesg","DataType":"string","Length":0,"Precision":0,"Scale":0,"IsNull":true,"FormattedDataType":"string"},
        {"ColumnID":12,"ColumnName":"src_entity_load_run_id","DataType":"string","Length":0,"Precision":0,"Scale":0,"IsNull":true,"FormattedDataType":"string"},
        {"ColumnID":13,"ColumnName":"src_entity_load_start_time","DataType":"timestamp","Length":0,"Precision":0,"Scale":0,"IsNull":true,"FormattedDataType":"timestamp"},
        {"ColumnID":14,"ColumnName":"src_entity_load_finish_time","DataType":"timestamp","Length":0,"Precision":0,"Scale":0,"IsNull":true,"FormattedDataType":"timestamp"},
        {"ColumnID":15,"ColumnName":"src_entity_load_ins_count","DataType":"bigint","Length":0,"Precision":0,"Scale":0,"IsNull":true,"FormattedDataType":"bigint"},
        {"ColumnID":16,"ColumnName":"src_entity_load_upd_count","DataType":"bigint","Length":0,"Precision":0,"Scale":0,"IsNull":true,"FormattedDataType":"bigint"},
        {"ColumnID":17,"ColumnName":"src_entity_load_del_count","DataType":"bigint","Length":0,"Precision":0,"Scale":0,"IsNull":true,"FormattedDataType":"bigint"},
        {"ColumnID":18,"ColumnName":"src_entity_load_last_bookmark","DataType":"string","Length":0,"Precision":0,"Scale":0,"IsNull":true,"FormattedDataType":"string"}        
	]
}
