{
	"TableName":"elt_src_sys_load_def",
	"IsExternal":"no",
	"DatabaseName":"raw_sap",
	"Description":"ELT source system load definition",
	"Columns":[
		{"ColumnID":1,"ColumnName":"src_sys_key","DataType":"string","Length":0,"Precision":0,"Scale":0,"IsNull":true,"FormattedDataType":"string"},
		{"ColumnID":2,"ColumnName":"true_src_sys_key","DataType":"string","Length":0,"Precision":0,"Scale":0,"IsNull":true,"FormattedDataType":"string"},
		{"ColumnID":3,"ColumnName":"src_sys_id","DataType":"bigint","Length":0,"Precision":0,"Scale":0,"IsNull":true,"FormattedDataType":"bigint"},
		{"ColumnID":4,"ColumnName":"src_sys_name","DataType":"string","Length":0,"Precision":0,"Scale":0,"IsNull":true,"FormattedDataType":"string"},
		{"ColumnID":5,"ColumnName":"src_sys_status","DataType":"string","Length":0,"Precision":0,"Scale":0,"IsNull":true,"FormattedDataType":"string"},
        {"ColumnID":6,"ColumnName":"src_sys_note","DataType":"string","Length":0,"Precision":0,"Scale":0,"IsNull":true,"FormattedDataType":"string"},
        {"ColumnID":7,"ColumnName":"src_entity_path","DataType":"string","Length":0,"Precision":0,"Scale":0,"IsNull":true,"FormattedDataType":"string"},
        {"ColumnID":8,"ColumnName":"src_entity_path_type","DataType":"string","Length":0,"Precision":0,"Scale":0,"IsNull":true,"FormattedDataType":"string"}
	]
}
