{
    "TableName":"W53_FUNCL_EXPENSE",
    "IsExternal":"yes",
    "DatabaseName":"raw_sap",
    "Description":"Loaded from CSV",
    "Columns":[
       {"ColumnID":1,"ColumnName":"VALUE_TYPE","DataType":"string","Length":0,"Precision":0,"Scale":0,"IsNull":true,"FormattedDataType":"string"},
       {"ColumnID":2,"ColumnName":"GL_ACCOUNT","DataType":"string","Length":0,"Precision":0,"Scale":0,"IsNull":true,"FormattedDataType":"string"},
       {"ColumnID":3,"ColumnName":"PROFIT_CENTER","DataType":"string","Length":0,"Precision":0,"Scale":0,"IsNull":true,"FormattedDataType":"string"},
       {"ColumnID":4,"ColumnName":"PARTNER_PROFIT_CENTER","DataType":"string","Length":0,"Precision":0,"Scale":0,"IsNull":true,"FormattedDataType":"string"},
       {"ColumnID":5,"ColumnName":"COST_CENTER","DataType":"string","Length":0,"Precision":0,"Scale":0,"IsNull":true,"FormattedDataType":"string"},
       {"ColumnID":6,"ColumnName":"CUR_CODE","DataType":"string","Length":0,"Precision":0,"Scale":0,"IsNull":true,"FormattedDataType":"string"},
       {"ColumnID":7,"ColumnName":"MTD_TOTAL_VALUE","DataType":"decimal(15,2)","Length":0,"Precision":15,"Scale":2,"IsNull":true,"FormattedDataType":"decimal(15,2)"},
       {"ColumnID":8,"ColumnName":"MTD_INDICATOR","DataType":"string","Length":0,"Precision":0,"Scale":0,"IsNull":true,"FormattedDataType":"string"},
       {"ColumnID":9,"ColumnName":"YTD_TOTAL_VALUE","DataType":"decimal(15,2)","Length":0,"Precision":15,"Scale":2,"IsNull":true,"FormattedDataType":"decimal(15,2)"},
       {"ColumnID":10,"ColumnName":"YTD_INDICATOR","DataType":"string","Length":0,"Precision":0,"Scale":0,"IsNull":true,"FormattedDataType":"string"},
       {"ColumnID":11,"ColumnName":"COMPANY_CODE","DataType":"string","Length":0,"Precision":0,"Scale":0,"IsNull":true,"FormattedDataType":"string"},
       {"ColumnID":12,"ColumnName":"MONTH","DataType":"string","Length":0,"Precision":0,"Scale":0,"IsNull":true,"FormattedDataType":"string"},
       {"ColumnID":13,"ColumnName":"YEAR","DataType":"string","Length":0,"Precision":0,"Scale":0,"IsNull":true,"FormattedDataType":"string"}
    ]
 }