{
    "TableName":"W179_WBS_EXPENSE",
    "IsExternal":"yes",
    "DatabaseName":"raw_sap",
    "Description":"Loaded from CSV",
    "Columns":[
       {"ColumnID":1,"ColumnName":"ValueType","DataType":"string","Length":0,"Precision":0,"Scale":0,"IsNull":true,"FormattedDataType":"string"},
       {"ColumnID":2,"ColumnName":"WBSElemen","DataType":"string","Length":0,"Precision":0,"Scale":0,"IsNull":true,"FormattedDataType":"string"},
       {"ColumnID":3,"ColumnName":"WBSLongDescription","DataType":"string","Length":0,"Precision":0,"Scale":0,"IsNull":true,"FormattedDataType":"string"},
       {"ColumnID":4,"ColumnName":"profitCenter","DataType":"string","Length":0,"Precision":0,"Scale":0,"IsNull":true,"FormattedDataType":"string"},
       {"ColumnID":5,"ColumnName":"PrftCntrDscr","DataType":"string","Length":0,"Precision":0,"Scale":0,"IsNull":true,"FormattedDataType":"string"},
       {"ColumnID":6,"ColumnName":"CompanyCode","DataType":"string","Length":0,"Precision":0,"Scale":0,"IsNull":true,"FormattedDataType":"string"},
       {"ColumnID":7,"ColumnName":"ControllingArea","DataType":"string","Length":0,"Precision":0,"Scale":0,"IsNull":true,"FormattedDataType":"string"},
       {"ColumnID":8,"ColumnName":"CostElement","DataType":"string","Length":0,"Precision":0,"Scale":0,"IsNull":true,"FormattedDataType":"string"},
       {"ColumnID":9,"ColumnName":"CostElementDesc","DataType":"string","Length":0,"Precision":0,"Scale":0,"IsNull":true,"FormattedDataType":"string"},
       {"ColumnID":10,"ColumnName":"PlannedValueinLocalCurrency","DataType":"decimal(15,2)","Length":0,"Precision":15,"Scale":2,"IsNull":true,"FormattedDataType":"decimal(15,2)"},
       {"ColumnID":11,"ColumnName":"PlanValueinTranscurrency","DataType":"decimal(15,2)","Length":0,"Precision":15,"Scale":2,"IsNull":true,"FormattedDataType":"decimal(15,2)"},
       {"ColumnID":12,"ColumnName":"Valueintranscurrency","DataType":"decimal(15,2)","Length":0,"Precision":15,"Scale":2,"IsNull":true,"FormattedDataType":"decimal(15,2)"},
       {"ColumnID":13,"ColumnName":"TransactionCurrency","DataType":"string","Length":0,"Precision":0,"Scale":0,"IsNull":true,"FormattedDataType":"string"},
       {"ColumnID":14,"ColumnName":"PlanValueinObjectcurrency","DataType":"decimal(15,2)","Length":0,"Precision":15,"Scale":2,"IsNull":true,"FormattedDataType":"decimal(15,2)"},
       {"ColumnID":15,"ColumnName":"Valueinobjectcurrency","DataType":"string","Length":0,"Precision":0,"Scale":0,"IsNull":true,"FormattedDataType":"string"},
       {"ColumnID":16,"ColumnName":"ObjectCurrencyKey","DataType":"string","Length":0,"Precision":0,"Scale":0,"IsNull":true,"FormattedDataType":"string"},
       {"ColumnID":17,"ColumnName":"PlanValueinCOareaCurrency","DataType":"decimal(15,2)","Length":0,"Precision":15,"Scale":2,"IsNull":true,"FormattedDataType":"decimal(15,2)"},
       {"ColumnID":18,"ColumnName":"ValueinCOareacurrency","DataType":"decimal(15,2)","Length":0,"Precision":15,"Scale":2,"IsNull":true,"FormattedDataType":"decimal(15,2)"},
       {"ColumnID":19,"ColumnName":"Controllingareacurrency","DataType":"string","Length":0,"Precision":0,"Scale":0,"IsNull":true,"FormattedDataType":"string"},
       {"ColumnID":20,"ColumnName":"Debitcreditindicator","DataType":"string","Length":0,"Precision":0,"Scale":0,"IsNull":true,"FormattedDataType":"string"},
       {"ColumnID":21,"ColumnName":"PlannedQty","DataType":"decimal(15,3)","Length":0,"Precision":15,"Scale":3,"IsNull":true,"FormattedDataType":"decimal(15,3)"},
       {"ColumnID":22,"ColumnName":"PlannedQtyUOM","DataType":"string","Length":0,"Precision":0,"Scale":0,"IsNull":true,"FormattedDataType":"string"},
       {"ColumnID":23,"ColumnName":"Segmenttext","DataType":"string","Length":0,"Precision":0,"Scale":0,"IsNull":true,"FormattedDataType":"string"},
       {"ColumnID":24,"ColumnName":"Reference","DataType":"string","Length":0,"Precision":0,"Scale":0,"IsNull":true,"FormattedDataType":"string"},
       {"ColumnID":25,"ColumnName":"Docheadertext","DataType":"string","Length":0,"Precision":0,"Scale":0,"IsNull":true,"FormattedDataType":"string"},
       {"ColumnID":26,"ColumnName":"DocumentNumber","DataType":"string","Length":0,"Precision":0,"Scale":0,"IsNull":true,"FormattedDataType":"string"},
       {"ColumnID":27,"ColumnName":"postingRow","DataType":"string","Length":0,"Precision":0,"Scale":0,"IsNull":true,"FormattedDataType":"string"},
       {"ColumnID":28,"ColumnName":"FIDocNumber","DataType":"string","Length":0,"Precision":0,"Scale":0,"IsNull":true,"FormattedDataType":"string"},
       {"ColumnID":29,"ColumnName":"DocumentItemNumber","DataType":"string","Length":0,"Precision":0,"Scale":0,"IsNull":true,"FormattedDataType":"string"},
       {"ColumnID":30,"ColumnName":"DocumentType","DataType":"string","Length":0,"Precision":0,"Scale":0,"IsNull":true,"FormattedDataType":"string"},
       {"ColumnID":31,"ColumnName":"ReferenceDocNumber","DataType":"string","Length":0,"Precision":0,"Scale":0,"IsNull":true,"FormattedDataType":"string"},
       {"ColumnID":32,"ColumnName":"CrossCompanyCode","DataType":"string","Length":0,"Precision":0,"Scale":0,"IsNull":true,"FormattedDataType":"string"},
       {"ColumnID":33,"ColumnName":"RecurringDocNumber","DataType":"string","Length":0,"Precision":0,"Scale":0,"IsNull":true,"FormattedDataType":"string"},
       {"ColumnID":34,"ColumnName":"ReverseDocNumber","DataType":"string","Length":0,"Precision":0,"Scale":0,"IsNull":true,"FormattedDataType":"string"},
       {"ColumnID":35,"ColumnName":"Documentdate","DataType":"string","Length":7,"Precision":0,"Scale":0,"IsNull":true,"FormattedDataType":"string"},
       {"ColumnID":36,"ColumnName":"Postingdate","DataType":"string","Length":7,"Precision":0,"Scale":0,"IsNull":true,"FormattedDataType":"string"},
       {"ColumnID":37,"ColumnName":"Datedocumentwascreated","DataType":"string","Length":7,"Precision":0,"Scale":0,"IsNull":true,"FormattedDataType":"string"},
       {"ColumnID":38,"ColumnName":"DebitDate","DataType":"string","Length":7,"Precision":0,"Scale":0,"IsNull":true,"FormattedDataType":"string"},
       {"ColumnID":39,"ColumnName":"userName","DataType":"string","Length":0,"Precision":0,"Scale":0,"IsNull":true,"FormattedDataType":"string"},
       {"ColumnID":40,"ColumnName":"FiscalYear","DataType":"string","Length":0,"Precision":0,"Scale":0,"IsNull":true,"FormattedDataType":"string"},
       {"ColumnID":41,"ColumnName":"PartnerObjectNumer","DataType":"string","Length":0,"Precision":0,"Scale":0,"IsNull":true,"FormattedDataType":"string"},
       {"ColumnID":42,"ColumnName":"PartnerCostCenter","DataType":"string","Length":0,"Precision":0,"Scale":0,"IsNull":true,"FormattedDataType":"string"},
       {"ColumnID":43,"ColumnName":"PartnerInternalOrder","DataType":"string","Length":0,"Precision":0,"Scale":0,"IsNull":true,"FormattedDataType":"string"},
       {"ColumnID":44,"ColumnName":"PartnerPC","DataType":"string","Length":0,"Precision":0,"Scale":0,"IsNull":true,"FormattedDataType":"string"},
       {"ColumnID":45,"ColumnName":"PartnerPCDescription","DataType":"string","Length":0,"Precision":0,"Scale":0,"IsNull":true,"FormattedDataType":"string"},
       {"ColumnID":46,"ColumnName":"StatisticalWBS","DataType":"string","Length":0,"Precision":0,"Scale":0,"IsNull":true,"FormattedDataType":"string"},
       {"ColumnID":47,"ColumnName":"OffsettingAccountNumber","DataType":"string","Length":0,"Precision":0,"Scale":0,"IsNull":true,"FormattedDataType":"string"},
       {"ColumnID":48,"ColumnName":"VendorName","DataType":"string","Length":0,"Precision":0,"Scale":0,"IsNull":true,"FormattedDataType":"string"},
       {"ColumnID":49,"ColumnName":"VendorTaxCode","DataType":"string","Length":0,"Precision":0,"Scale":0,"IsNull":true,"FormattedDataType":"string"},
       {"ColumnID":50,"ColumnName":"Region","DataType":"string","Length":0,"Precision":0,"Scale":0,"IsNull":true,"FormattedDataType":"string"},
       {"ColumnID":51,"ColumnName":"country","DataType":"string","Length":0,"Precision":0,"Scale":0,"IsNull":true,"FormattedDataType":"string"},
       {"ColumnID":52,"ColumnName":"PurDocNumber","DataType":"string","Length":0,"Precision":0,"Scale":0,"IsNull":true,"FormattedDataType":"string"},
       {"ColumnID":53,"ColumnName":"ItemNoofPurDoc","DataType":"string","Length":0,"Precision":0,"Scale":0,"IsNull":true,"FormattedDataType":"string"},
       {"ColumnID":54,"ColumnName":"PurReqNumber","DataType":"string","Length":0,"Precision":0,"Scale":0,"IsNull":true,"FormattedDataType":"string"},
       {"ColumnID":55,"ColumnName":"ItemNoofPurReq","DataType":"string","Length":0,"Precision":0,"Scale":0,"IsNull":true,"FormattedDataType":"string"},
       {"ColumnID":56,"ColumnName":"Materialnumber","DataType":"string","Length":0,"Precision":0,"Scale":0,"IsNull":true,"FormattedDataType":"string"},
       {"ColumnID":57,"ColumnName":"Plant","DataType":"string","Length":0,"Precision":0,"Scale":0,"IsNull":true,"FormattedDataType":"string"},
       {"ColumnID":58,"ColumnName":"Ordertype","DataType":"string","Length":0,"Precision":0,"Scale":0,"IsNull":true,"FormattedDataType":"string"},
       {"ColumnID":59,"ColumnName":"OrderTypedesc","DataType":"string","Length":0,"Precision":0,"Scale":0,"IsNull":true,"FormattedDataType":"string"},
       {"ColumnID":60,"ColumnName":"ReponsCostCenter","DataType":"string","Length":0,"Precision":0,"Scale":0,"IsNull":true,"FormattedDataType":"string"},
       {"ColumnID":61,"ColumnName":"RequestCostCenter","DataType":"string","Length":0,"Precision":0,"Scale":0,"IsNull":true,"FormattedDataType":"string"},
       {"ColumnID":62,"ColumnName":"Status","DataType":"string","Length":0,"Precision":0,"Scale":0,"IsNull":true,"FormattedDataType":"string"},
       {"ColumnID":63,"ColumnName":"AssignmentNumber","DataType":"string","Length":0,"Precision":0,"Scale":0,"IsNull":true,"FormattedDataType":"string"},
       {"ColumnID":64,"ColumnName":"Period","DataType":"string","Length":0,"Precision":0,"Scale":0,"IsNull":true,"FormattedDataType":"string"},
       {"ColumnID":65,"ColumnName":"POtext","DataType":"string","Length":0,"Precision":0,"Scale":0,"IsNull":true,"FormattedDataType":"string"},
       {"ColumnID":66,"ColumnName":"GRQty","DataType":"string","Length":0,"Precision":0,"Scale":0,"IsNull":true,"FormattedDataType":"string"},
       {"ColumnID":67,"ColumnName":"Division","DataType":"string","Length":0,"Precision":0,"Scale":0,"IsNull":true,"FormattedDataType":"string"}
    ]
 }
 
