{
 "TableList":[
	  {"TableName":"W217_TAX_ACCOUNT","ScriptFileName":"raw_sap_w217_tax_account_ddl.json","DDLType":"Create","DropTable":"No"},
	  {"TableName":"W27_VENDOR_PAYMENT","ScriptFileName":"raw_sap_w27_vendor_payment_ddl.json","DDLType":"Create","DropTable":"No"},
	  {"TableName":"W179_WBS_EXPENSE","ScriptFileName":"raw_sap_w179_wbs_expense_ddl.json","DDLType":"Create","DropTable":"No"},
	  {"TableName":"W53_FUNCL_EXPENSE","ScriptFileName":"raw_sap_w53_funcl_expense_ddl.json","DDLType":"Create","DropTable":"No"},
	  {"TableName":"W4206_VENDOR_DOWN_PAYMENT","ScriptFileName":"raw_sap_w4206_vendor_down_payment_ddl.json","DDLType":"Create","DropTable":"No"},
	 {"TableName":"elt_run_messages","ScriptFileName":"elt_run_messages_ddl.json","DDLType":"Create","DropTable":"No"},
{"TableName":"elt_src_entity_load_def","ScriptFileName":"elt_src_entity_load_def_ddl.json","DDLType":"Create","DropTable":"No"},
{"TableName":"elt_src_entity_load_hist_arch","ScriptFileName":"elt_src_entity_load_hist_arch_ddl.json","DDLType":"Create","DropTable":"No"},
{"TableName":"elt_src_entity_load_hist","ScriptFileName":"elt_src_entity_load_hist_ddl.json","DDLType":"Create","DropTable":"No"},
{"TableName":"elt_src_entity_part_load_def","ScriptFileName":"elt_src_entity_part_load_def_ddl.json","DDLType":"Create","DropTable":"No"},
{"TableName":"elt_src_entity_part_load_hist","ScriptFileName":"elt_src_entity_part_load_hist_ddl.json","DDLType":"Create","DropTable":"No"},
{"TableName":"elt_src_sys_load_def","ScriptFileName":"elt_src_sys_load_def_ddl.json","DDLType":"Create","DropTable":"No"}


 ]
}
