{
    "TableName":"W27_VENDOR_PAYMENT",
    "IsExternal":"yes",
    "DatabaseName":"raw_sap",
    "Description":"Loaded from CSV",
    "Columns":[
       {"ColumnID":1,"ColumnName":"CompanyCode","DataType":"string","Length":0,"Precision":0,"Scale":0,"IsNull":true,"FormattedDataType":"string"},
       {"ColumnID":2,"ColumnName":"ProfitCenter","DataType":"string","Length":0,"Precision":0,"Scale":0,"IsNull":true,"FormattedDataType":"string"},
       {"ColumnID":3,"ColumnName":"CostCenter","DataType":"string","Length":0,"Precision":0,"Scale":0,"IsNull":true,"FormattedDataType":"string"},
       {"ColumnID":4,"ColumnName":"InternalOrder","DataType":"string","Length":0,"Precision":0,"Scale":0,"IsNull":true,"FormattedDataType":"string"},
       {"ColumnID":5,"ColumnName":"WBSElement","DataType":"string","Length":0,"Precision":0,"Scale":0,"IsNull":true,"FormattedDataType":"string"},
       {"ColumnID":6,"ColumnName":"GLAccount","DataType":"string","Length":0,"Precision":0,"Scale":0,"IsNull":true,"FormattedDataType":"string"},
       {"ColumnID":7,"ColumnName":"VendorNumber","DataType":"string","Length":0,"Precision":0,"Scale":0,"IsNull":true,"FormattedDataType":"string"},
       {"ColumnID":8,"ColumnName":"VendorTaxCode","DataType":"string","Length":0,"Precision":0,"Scale":0,"IsNull":true,"FormattedDataType":"string"},
       {"ColumnID":9,"ColumnName":"VendorName","DataType":"string","Length":0,"Precision":0,"Scale":0,"IsNull":true,"FormattedDataType":"string"},
       {"ColumnID":10,"ColumnName":"InvoiceNumber","DataType":"string","Length":0,"Precision":0,"Scale":0,"IsNull":true,"FormattedDataType":"string"},
       {"ColumnID":11,"ColumnName":"InvoiceLineNumber","DataType":"string","Length":0,"Precision":0,"Scale":0,"IsNull":true,"FormattedDataType":"string"},
       {"ColumnID":12,"ColumnName":"InvoiceDate","DataType":"date","Length":0,"Precision":0,"Scale":0,"IsNull":true,"FormattedDataType":"date"},
       {"ColumnID":13,"ColumnName":"DueDate","DataType":"date","Length":0,"Precision":0,"Scale":0,"IsNull":true,"FormattedDataType":"date"},
       {"ColumnID":14,"ColumnName":"PurchaseOrder","DataType":"string","Length":0,"Precision":0,"Scale":0,"IsNull":true,"FormattedDataType":"string"},
       {"ColumnID":15,"ColumnName":"POLineItem","DataType":"string","Length":0,"Precision":0,"Scale":0,"IsNull":true,"FormattedDataType":"string"},
       {"ColumnID":16,"ColumnName":"AmountLocalCurrency","DataType":"decimal(15,2)","Length":0,"Precision":15,"Scale":2,"IsNull":true,"FormattedDataType":"decimal(15,2)"},
       {"ColumnID":17,"ColumnName":"LocCurr","DataType":"string","Length":0,"Precision":0,"Scale":0,"IsNull":true,"FormattedDataType":"string"},
       {"ColumnID":18,"ColumnName":"AmountDocCurrency","DataType":"decimal(15,2)","Length":0,"Precision":15,"Scale":2,"IsNull":true,"FormattedDataType":"decimal(15,2)"},
       {"ColumnID":19,"ColumnName":"Currency","DataType":"string","Length":0,"Precision":0,"Scale":0,"IsNull":true,"FormattedDataType":"string"},
       {"ColumnID":20,"ColumnName":"PostingDate","DataType":"date","Length":0,"Precision":0,"Scale":0,"IsNull":true,"FormattedDataType":"date"},
       {"ColumnID":21,"ColumnName":"AccountingDoc","DataType":"string","Length":0,"Precision":0,"Scale":0,"IsNull":true,"FormattedDataType":"string"},
       {"ColumnID":22,"ColumnName":"DocType","DataType":"string","Length":0,"Precision":0,"Scale":0,"IsNull":true,"FormattedDataType":"string"},
       {"ColumnID":23,"ColumnName":"LineItemText","DataType":"string","Length":0,"Precision":0,"Scale":0,"IsNull":true,"FormattedDataType":"string"},
       {"ColumnID":24,"ColumnName":"DebitCredit","DataType":"string","Length":0,"Precision":0,"Scale":0,"IsNull":true,"FormattedDataType":"string"},
       {"ColumnID":25,"ColumnName":"Status","DataType":"string","Length":0,"Precision":0,"Scale":0,"IsNull":true,"FormattedDataType":"string"},
       {"ColumnID":26,"ColumnName":"Assignment","DataType":"string","Length":0,"Precision":0,"Scale":0,"IsNull":true,"FormattedDataType":"string"},
       {"ColumnID":27,"ColumnName":"Material","DataType":"string","Length":0,"Precision":0,"Scale":0,"IsNull":true,"FormattedDataType":"string"},
       {"ColumnID":28,"ColumnName":"Plant","DataType":"string","Length":0,"Precision":0,"Scale":0,"IsNull":true,"FormattedDataType":"string"},
       {"ColumnID":29,"ColumnName":"DocCreatedOn","DataType":"date","Length":0,"Precision":0,"Scale":0,"IsNull":true,"FormattedDataType":"date"},
       {"ColumnID":30,"ColumnName":"DocCreatedBy","DataType":"string","Length":0,"Precision":0,"Scale":0,"IsNull":true,"FormattedDataType":"string"},
       {"ColumnID":31,"ColumnName":"HeaderText","DataType":"string","Length":0,"Precision":0,"Scale":0,"IsNull":true,"FormattedDataType":"string"},
       {"ColumnID":32,"ColumnName":"CheckNo","DataType":"string","Length":0,"Precision":0,"Scale":0,"IsNull":true,"FormattedDataType":"string"},
       {"ColumnID":33,"ColumnName":"PaymentMethod","DataType":"string","Length":0,"Precision":0,"Scale":0,"IsNull":true,"FormattedDataType":"string"},
       {"ColumnID":34,"ColumnName":"ClearingDocNumber","DataType":"string","Length":0,"Precision":0,"Scale":0,"IsNull":true,"FormattedDataType":"string"},
       {"ColumnID":35,"ColumnName":"ClearingDate","DataType":"string","Length":0,"Precision":0,"Scale":0,"IsNull":true,"FormattedDataType":"string"},
       {"ColumnID":36,"ColumnName":"AmountPaid","DataType":"decimal(15,2)","Length":0,"Precision":15,"Scale":2,"IsNull":true,"FormattedDataType":"decimal(15,2)"},
       {"ColumnID":37,"ColumnName":"FiscalPeriod","DataType":"string","Length":0,"Precision":0,"Scale":0,"IsNull":true,"FormattedDataType":"string"},
       {"ColumnID":38,"ColumnName":"FiscalYear","DataType":"string","Length":0,"Precision":0,"Scale":0,"IsNull":true,"FormattedDataType":"string"},
       {"ColumnID":39,"ColumnName":"PaymentTerms","DataType":"string","Length":0,"Precision":0,"Scale":0,"IsNull":true,"FormattedDataType":"string"},
       {"ColumnID":40,"ColumnName":"CategoryID","DataType":"string","Length":0,"Precision":0,"Scale":0,"IsNull":true,"FormattedDataType":"string"},
       {"ColumnID":41,"ColumnName":"CategoryText","DataType":"string","Length":0,"Precision":0,"Scale":0,"IsNull":true,"FormattedDataType":"string"},
       {"ColumnID":42,"ColumnName":"SourceID","DataType":"string","Length":0,"Precision":0,"Scale":0,"IsNull":true,"FormattedDataType":"string"},
       {"ColumnID":43,"ColumnName":"TargetID","DataType":"string","Length":0,"Precision":0,"Scale":0,"IsNull":true,"FormattedDataType":"string"},
       {"ColumnID":44,"ColumnName":"ProfitCenterDescription","DataType":"string","Length":0,"Precision":0,"Scale":0,"IsNull":true,"FormattedDataType":"string"},
       {"ColumnID":45,"ColumnName":"CostCenterDescription","DataType":"string","Length":0,"Precision":0,"Scale":0,"IsNull":true,"FormattedDataType":"string"},
       {"ColumnID":46,"ColumnName":"InternalOrderDescription","DataType":"string","Length":0,"Precision":0,"Scale":0,"IsNull":true,"FormattedDataType":"string"},
       {"ColumnID":47,"ColumnName":"WBSelementDescription","DataType":"string","Length":0,"Precision":0,"Scale":0,"IsNull":true,"FormattedDataType":"string"},
       {"ColumnID":48,"ColumnName":"G_LAccountDescription","DataType":"string","Length":0,"Precision":0,"Scale":0,"IsNull":true,"FormattedDataType":"string"},
       {"ColumnID":49,"ColumnName":"VendorType","DataType":"string","Length":0,"Precision":0,"Scale":0,"IsNull":true,"FormattedDataType":"string"},
       {"ColumnID":50,"ColumnName":"VendorIndustry","DataType":"string","Length":0,"Precision":0,"Scale":0,"IsNull":true,"FormattedDataType":"string"},
       {"ColumnID":51,"ColumnName":"PayeeName","DataType":"string","Length":0,"Precision":0,"Scale":0,"IsNull":true,"FormattedDataType":"string"},
       {"ColumnID":52,"ColumnName":"PurchasingOrganization","DataType":"string","Length":0,"Precision":0,"Scale":0,"IsNull":true,"FormattedDataType":"string"},
       {"ColumnID":53,"ColumnName":"AddressChangeIndicator","DataType":"string","Length":0,"Precision":0,"Scale":0,"IsNull":true,"FormattedDataType":"string"},
       {"ColumnID":54,"ColumnName":"PODescription","DataType":"string","Length":0,"Precision":0,"Scale":0,"IsNull":true,"FormattedDataType":"string"},
       {"ColumnID":55,"ColumnName":"MaterialGroup","DataType":"string","Length":0,"Precision":0,"Scale":0,"IsNull":true,"FormattedDataType":"string"},
       {"ColumnID":56,"ColumnName":"POPostingDate","DataType":"string","Length":0,"Precision":0,"Scale":0,"IsNull":true,"FormattedDataType":"string"},
       {"ColumnID":57,"ColumnName":"POItemStatus_ReleaseStatus","DataType":"string","Length":0,"Precision":0,"Scale":0,"IsNull":true,"FormattedDataType":"string"},
       {"ColumnID":58,"ColumnName":"MaterialNumberDescription","DataType":"string","Length":0,"Precision":0,"Scale":0,"IsNull":true,"FormattedDataType":"string"},
       {"ColumnID":59,"ColumnName":"Material_Group_Description","DataType":"string","Length":0,"Precision":0,"Scale":0,"IsNull":true,"FormattedDataType":"string"},
       {"ColumnID":60,"ColumnName":"POTotalAmount","DataType":"decimal(15,2)","Length":0,"Precision":15,"Scale":2,"IsNull":true,"FormattedDataType":"decimal(15,2)"},
       {"ColumnID":61,"ColumnName":"GroupAccountNumber","DataType":"string","Length":0,"Precision":0,"Scale":0,"IsNull":true,"FormattedDataType":"string"},
       {"ColumnID":62,"ColumnName":"GroupAccountNumberDescription","DataType":"string","Length":0,"Precision":0,"Scale":0,"IsNull":true,"FormattedDataType":"string"},
       {"ColumnID":63,"ColumnName":"InternationalVendorName","DataType":"string","Length":0,"Precision":0,"Scale":0,"IsNull":true,"FormattedDataType":"string"},
       {"ColumnID":64,"ColumnName":"ReferenceKey","DataType":"string","Length":0,"Precision":0,"Scale":0,"IsNull":true,"FormattedDataType":"string"}
    ]
 }
 