{
    "DomainName":"FinOps",
    "LayerName":"raw_sap",
    "Development":{
        "SourcePath":"s3a://dataverse-dev/data/nabu/sap",        
        "ConnectionObjectsFile":"raw_sap_dev_connections.json",
        "NabuAuditConnection": {
            "ConnectionName":"nabu_rds_audit_users",
            "DatabaseHostName":"nabu-dataverse-instance-1.cvoqvkvm02vq.us-east-1.rds.amazonaws.com",
            "DatabaseName":"nabu_jobs_audit",
            "AuditTableName":"extraction.extraction_jobs_audit",
            "MaintenanceTableName":"extraction.extraction_maintenance_jobs_audit",
            "DatabasePortNo":5432
        },
        "FinopsAuditConnection":{
            "RepositoryDatabase":"raw_sap",
            "EltSourceSystemDefTable":"elt_src_sys_load_def",
            "EltSourceEntityDefTable":"elt_src_entity_load_def",
            "EltSourceEntityLoadHistTable":"elt_src_entity_load_hist",
            "EltSourceEntityLoadArchiveTable":"elt_src_entity_load_hist_arch",
            "EltProcessRunLogTable":"elt_run_messages"
        }	
    },
    "Validation":{
        "SourcePath":"s3a://dataverse-val/data/nabu/sap",        
        "ConnectionObjectsFile":"raw_sap_val_connections.json",
        "NabuAuditConnection": {
            "ConnectionName":"nabu_rds_audit_users",
            "DatabaseHostName":"nabu-dataverse-instance-1.cshtuy3nv1f9.us-east-1.rds.amazonaws.com",
            "DatabaseName":"nabu_jobs_audit",
            "AuditTableName":"extraction.extraction_jobs_audit",
            "MaintenanceTableName":"extraction.extraction_maintenance_jobs_audit",
            "DatabasePortNo":5432
        },
        "FinopsAuditConnection":{
            "RepositoryDatabase":"raw_sap",
            "EltSourceSystemDefTable":"elt_src_sys_load_def",
            "EltSourceEntityDefTable":"elt_src_entity_load_def",
            "EltSourceEntityLoadHistTable":"elt_src_entity_load_hist",
            "EltSourceEntityLoadArchiveTable":"elt_src_entity_load_hist_arch",
            "EltProcessRunLogTable":"elt_run_messages"
        }	
    },
    "Production":{
        "SourcePath":"s3://dataverse-moveit-production-integration-bucket-1222608/internal/inbound/noen/sap_ns",        
        "ConnectionObjectsFile":"raw_sap_prd_connections.json",
        "NabuAuditConnection": {
            "ConnectionName":"nabu_rds_audit_users",
            "DatabaseHostName":"nabu-dataverse-instance-1.c39c6otmd5ym.us-east-1.rds.amazonaws.com",
            "DatabaseName":"nabu_jobs_audit",
            "AuditTableName":"extraction.extraction_jobs_audit",
            "MaintenanceTableName":"extraction.extraction_maintenance_jobs_audit",
            "DatabasePortNo":5432
        },
        "FinopsAuditConnection":{
            "RepositoryDatabase":"raw_sap",
            "EltSourceSystemDefTable":"elt_src_sys_load_def",
            "EltSourceEntityDefTable":"elt_src_entity_load_def",
            "EltSourceEntityLoadHistTable":"elt_src_entity_load_hist",
            "EltSourceEntityLoadArchiveTable":"elt_src_entity_load_hist_arch",
            "EltProcessRunLogTable":"elt_run_messages"
        }	
    }   
}
